PlayerId,Player,Country,Currency
1,Evelyn,CN,CNY
2,Gay,FR,EUR
3,Romona,BR,BRL
4,Valaria,PT,EUR
5,Camille,CN,CNY
6,Ivette,UA,UAH
7,Keely,US,USD
8,Morena,EG,EGP
9,Sebastien,CA,CAD
10,Myles,FI,EUR
11,Garey,US,USD
12,Bengt,CN,CNY
13,Brandtr,MX,MXN
14,Gusella,AF,AFN
15,Rodge,CZ,CZK
16,Brianna,CN,CNY
17,Adiana,KZ,KZT
18,Nickolaus,CU,CUP
19,Michaeline,MX,MXN
20,Cecile,NU,NZD
21,Philippine,BR,BRL
22,Allison,ID,IDR
23,Eirena,BR,BRL
24,Joshua,NL,EUR
25,Dur,CN,CNY
26,Barthel,CN,CNY
27,Yolanthe,BG,BGN
28,Charmine,CN,CNY
29,Wini,RU,RUB
30,Theodoric,BR,BRL
31,Cazzie,ID,IDR
32,Giffie,AR,ARS
33,Clare,CN,CNY
34,Calida,CN,CNY
35,Bridie,CN,CNY
36,Benjamin,BW,BWP
37,Mahalia,PE,PEN
38,Gallagher,CN,CNY
39,Bonni,US,USD
40,Maryl,CN,CNY
41,Addi,CU,CUP
42,Dorthea,CN,CNY
43,Kylie,ID,IDR
44,Gavan,DK,DKK
45,Nomi,CN,CNY
46,Ferdy,CN,CNY
47,Mitchael,ID,IDR
48,Ernesta,RU,RUB
49,Chiarra,CN,CNY
50,Adelaida,TZ,TZS
51,Astrix,UA,UAH
52,Klement,ID,IDR
53,Bellina,PH,PHP
54,Cam,PL,PLN
55,Clarine,AZ,AZN
56,Ermentrude,PF,XPF
57,Yasmin,CN,CNY
58,Dagmar,ID,IDR
59,Corenda,ID,IDR
60,Worthy,PA,PAB
61,Fenelia,ID,IDR
62,Reed,PH,PHP
63,Violante,ID,IDR
64,Coleen,BR,BRL
65,Zeke,SE,SEK
66,Kerry,ID,IDR
67,Antonella,ID,IDR
68,Dario,RU,RUB
69,Leia,BW,BWP
70,Guglielmo,UA,UAH
71,Torr,MY,MYR
72,Jo,CN,CNY
73,Carri,SE,SEK
74,Lisa,MX,MXN
75,Alfie,PA,PAB
76,Waring,JP,JPY
77,Shaun,UA,UAH
78,Joelly,CN,CNY
79,Charissa,PL,PLN
80,Derbyenpass.io,FI,EUR
81,Kaleena,TH,THB
82,Manfred,BA,BAM
83,Bram,RU,RUB
84,Lyman,NZ,NZD
85,Alphonso,BR,BRL
86,Byran,ID,IDR
87,Davon,AM,AMD
88,Sam,BR,BRL
89,Abbi,SD,SDG
90,Wildon,CZ,CZK
91,Rex,MA,MAD
92,Tanhya,PL,PLN
93,Indira,ID,IDR
94,Roderick,ID,IDR
95,Caryn,PS,ILS
96,Grazia,FR,EUR
97,Trent,RU,RUB
98,Alphonso,RS,RSD
99,Alic,BR,BRL
100,Bria,CZ,CZK
101,Antonioenpass.io,RU,RUB
102,Artus,MX,MXN
103,Edee,FR,EUR
104,Rene,CA,CAD
105,Jeana,CZ,CZK
106,Xena,ID,IDR
107,Ezmeralda,CZ,CZK
108,Zahara,ID,IDR
109,Aubert,VN,VND
110,Carin,AM,AMD
111,Pryce,DE,EUR
112,Babs,CN,CNY
113,Gar,CZ,CZK
114,Kissiah,HN,HNL
115,Corrianne,CA,CAD
116,Joycelin,PH,PHP
117,Evangelia,CZ,CZK
118,Danette,CN,CNY
119,Cecil,CN,CNY
120,Robinetta,ID,IDR
121,Nerty,CN,CNY
122,Anett,NL,EUR
123,Althea,CN,CNY
124,Ekaterina,AT,EUR
125,Jen,CN,CNY
126,La verne,CN,CNY
127,Inigo,CN,CNY
128,Fielding,BY,BYR
129,Dominick,RU,RUB
130,Glennie,ID,IDR
131,Leta,BW,BWP
132,Selene,PT,EUR
133,Prescott,BR,BRL
134,Cori,MY,MYR
135,Ethelyn,ID,IDR
136,Susi,PH,PHP
137,Carlen,ID,IDR
138,Sherlock,NG,NGN
139,Marilee,RU,RUB
140,Marys,ID,IDR
141,Othelia,SY,SYP
142,Michel,SE,SEK
143,Lou,CN,CNY
144,Faun,SE,SEK
145,Jenine,SE,SEK
146,Julie,CN,CNY
147,Vanda,ID,IDR
148,Aleece,CO,COP
149,Ximenes,CN,CNY
150,Rouvin,RU,RUB
151,Sileas,CZ,CZK
152,Garfield,CZ,CZK
153,Freida,RU,RUB
154,Gabriele,CA,CAD
155,Carenenpass.io,RU,RUB
156,Wanids,AR,ARS
157,Garnet,KR,KRW
158,Swen,ID,IDR
159,Karil,VN,VND
160,Kate,UA,UAH
161,Mallorie,GR,EUR
162,Arabel,US,USD
163,Genni,MN,MNT
164,Blondy,EE,EUR
165,Rheba,GR,EUR
166,Adamo,GT,GTQ
167,Maxi,YE,YER
168,Laurie,BR,BRL
169,Erinn,PH,PHP
170,Cheri,AR,ARS
171,Mariquilla,NG,NGN
172,Rheba,RU,RUB
173,Norrie,US,USD
174,Madelon,PH,PHP
175,Lorraine,CN,CNY
176,Ara,PH,PHP
177,Tina,FR,EUR
178,Dniren,MX,MXN
179,Tamra,RU,RUB
180,Garek,ID,IDR
181,Lacey,JP,JPY
182,Marin,RS,RSD
183,Berti,DE,EUR
184,Benedict,AR,ARS
185,Carlynn,CO,COP
186,Lazar,BR,BRL
187,Skye,FR,EUR
188,Caressa,ID,IDR
189,Sheela,MX,MXN
190,Marcia,TZ,TZS
191,Delmor,CO,COP
192,Wilbur,PH,PHP
193,Moselle,IL,ILS
194,Phillie,HU,HUF
195,Fredra,FR,EUR
196,Zachery,AR,ARS
197,Theodoric,MA,MAD
198,Emlyn,HR,HRK
199,Hester,AR,ARS
200,Hill,GR,EUR
201,Sadie,CU,CUP
202,Marietta,JP,JPY
203,Christian,PT,EUR
204,Nevile,SV,USD
205,Udell,CN,CNY
206,Faydra,ID,IDR
207,Normie,US,USD
208,Marten,MY,MYR
209,Dulciana,PL,PLN
210,Ewell,CN,CNY
211,Carenenpass.io,AR,ARS
212,Rosalinda,PK,PKR
213,Rhoda,IQ,IQD
214,Nellienpass.io,AF,AFN
215,Nell,RU,RUB
216,Berke,CN,CNY
217,Annemarie,RU,RUB
218,Rosalynd,FI,EUR
219,Fanchette,TH,THB
220,Calley,CN,CNY
221,Herve,PH,PHP
222,Nicolais,SE,SEK
223,Karlotta,PT,EUR
224,Kristina,CN,CNY
225,Tomasina,CN,CNY
226,Mordy,TV,AUD
227,Tatiana,RU,RUB
228,Donnajean,CU,CUP
229,Astridenpass.io,CN,CNY
230,Miof mela,PH,PHP
231,Stillmann,BR,BRL
232,Worth,MU,MUR
233,Tuckie,ID,IDR
234,Nicolle,ID,IDR
235,Derbyenpass.io,CN,CNY
236,Albrecht,FR,EUR
237,Blanca,PL,PLN
238,Cathlene,CN,CNY
239,Adina,MN,MNT
240,Lannaenpass.io,ID,IDR
241,Dar,CN,CNY
242,Leighton,RU,RUB
243,Barbabas,CN,CNY
244,Bradford,RS,RSD
245,Sergent,CN,CNY
246,Guinevere,BJ,XOF
247,Lothaire,AT,EUR
248,Felicdad,GR,EUR
249,Krisha,BR,BRL
250,Donaugh,PL,PLN
251,Ewan,SE,SEK
252,Roda,ID,IDR
253,Bronnie,IT,EUR
254,Jessalin,CN,CNY
255,Konstantin,CN,CNY
256,Clementius,LU,EUR
257,Rochella,LU,EUR
258,Raquel,ID,IDR
259,Alisa,CN,CNY
260,Luciano,DE,EUR
261,Ricca,ID,IDR
262,Francisco,PH,PHP
263,Angelita,ID,IDR
264,Kearney,PH,PHP
265,Agace,PH,PHP
266,Cybill,KR,KRW
267,Charyl,SE,SEK
268,Gwendolin,CN,CNY
269,Caressa,MM,MMK
270,Christophorus,UA,UAH
271,Jan,MX,MXN
272,Angelia,PK,PKR
273,Drugi,YE,YER
274,Pauletta,PL,PLN
275,Giovanna,RU,RUB
276,Archie,RU,RUB
277,Archie,MA,MAD
278,Paquito,US,USD
279,Gaelan,AF,AFN
280,Burtie,PH,PHP
281,Dora,ZA,ZAR
282,Carol-jean,KZ,KZT
283,Mag,RU,RUB
284,Latashia,ZA,ZAR
285,Towny,FR,EUR
286,Blondelle,GT,GTQ
287,Tommi,MX,MXN
288,Kane,RU,RUB
289,Lettie,PH,PHP
290,Dulsea,CZ,CZK
291,Brande,US,USD
292,Jessa,BR,BRL
293,Britni,ID,IDR
294,Helaina,US,USD
295,Kristopher,RU,RUB
296,Davidde,RU,RUB
297,Clemence,PH,PHP
298,Yancy,PK,PKR
299,Delano,CN,CNY
300,Nettle,CN,CNY
301,Gregg,RU,RUB
302,Mab,KE,KES
303,Evie,CN,CNY
304,Christel,ID,IDR
305,Zola,TZ,TZS
306,Danya,RU,RUB
307,Dorey,NG,NGN
308,Fredric,MA,MAD
309,Zachariah,CN,CNY
310,Alister,CN,CNY
311,Rudolf,VN,VND
312,Remy,CN,CNY
313,Saraann,SE,SEK
314,Cyrill,CA,CAD
315,Enoch,HT,HTG
316,Kessiah,ID,IDR
317,Gualterio,AF,AFN
318,Nestor,PT,EUR
319,Rodolphe,RU,RUB
320,Cassy,US,USD
321,Maire,BR,BRL
322,Boonie,GF,EUR
323,Barnie,NG,NGN
324,Aaron,ID,IDR
325,Stanislaw,PT,EUR
326,Marlaneenpass.io,BR,BRL
327,Jessie,FI,EUR
328,Marielle,TH,THB
329,Wallache,GR,EUR
330,Dale,GR,EUR
331,Benton,KR,KRW
332,Ranice,ID,IDR
333,Fulton,BR,BRL
334,Chrysa,FR,EUR
335,Judye,ID,IDR
336,Ashly,CN,CNY
337,Cahra,SE,SEK
338,Nancee,AF,AFN
339,Oran,ID,IDR
340,Kile,SE,SEK
341,Marc,CN,CNY
342,Catlee,ZA,ZAR
343,Minor,TZ,TZS
344,Aldis,FR,EUR
345,Susan,FI,EUR
346,Estelle,PL,PLN
347,Kirstin,PL,PLN
348,Samson,KE,KES
349,Bengt,PT,EUR
350,Stephan,PL,PLN
351,Carrie,CN,CNY
352,Freeman,PT,EUR
353,Morlee,PH,PHP
354,Leif,CN,CNY
355,Hesther,CN,CNY
356,Gard,VE,VEF
357,Karon,ID,IDR
358,Xymenes,PL,PLN
359,Merry,ID,IDR
360,Clotilda,PH,PHP
361,Audry,ID,IDR
362,Dehlia,RU,RUB
363,Kliment,CN,CNY
364,Kamillah,RU,RUB
365,Halie,PH,PHP
366,Clemmie,CN,CNY
367,Christi,CZ,CZK
368,Kim,SI,EUR
369,Chantalle,RW,RWF
370,Tessi,PK,PKR
371,Laurette,PH,PHP
372,Modesty,ES,EUR
373,Blanche,TH,THB
374,Adlai,RU,RUB
375,Ron,ID,IDR
376,Teirtza,PH,PHP
377,Odelinda,RU,RUB
378,Marne,SE,SEK
379,Barnett,MG,MGA
380,Rustyenpass.io,PL,PLN
381,Joscelin,CN,CNY
382,Bliss,PH,PHP
383,Gerry,ID,IDR
384,Tanny,PL,PLN
385,Carl,CN,CNY
386,Gal,GT,GTQ
387,Hagan,DK,DKK
388,Jami,BR,BRL
389,Patty,CN,CNY
390,Bertrando,ID,IDR
391,Gabrielle,CN,CNY
392,Barnaby,TM,TMT
393,Hally,FR,EUR
394,Erv,CN,CNY
395,Myranda,JP,JPY
396,Lin,JP,JPY
397,Flint,AF,AFN
398,Lemmie,CN,CNY
399,Amerigo,SV,USD
400,Alissa,ET,ETB
401,Federico,BR,BRL
402,Zebulen,GD,XCD
403,Rowland,CN,CNY
404,Kathryn,VE,VEF
405,Freddi,RU,RUB
406,Albrecht,PL,PLN
407,Birch,CF,XAF
408,Nicolle,PE,PEN
409,Tybie,CN,CNY
410,Ty,CN,CNY
411,Monika,TH,THB
412,Alonzo,TH,THB
413,Pepe,AF,AFN
414,Ilse,CN,CNY
415,Jess,PE,PEN
416,Kev,CZ,CZK
417,Shandy,CN,CNY
418,Kevon,ML,XOF
419,Virge,BA,BAM
420,Michal,CN,CNY
421,Iain,PL,PLN
422,Rock,KP,KPW
423,Robby,JP,JPY
424,Othella,CN,CNY
425,Shane,UY,UYU
426,Isidoro,ID,IDR
427,Clayborne,SE,SEK
428,Pavla,CN,CNY
429,Dew,KR,KRW
430,Chadd,TH,THB
431,Agnella,PH,PHP
432,Say,PK,PKR
433,Zoe,CN,CNY
434,Aloisia,AU,AUD
435,Norene,MX,MXN
436,Kylen,RU,RUB
437,Dud,BG,BGN
438,Ophelie,SE,SEK
439,Arnaldo,GB,GBP
440,Tatum,ID,IDR
441,Franklyn,RU,RUB
442,Caesar,PH,PHP
443,Zack,PL,PLN
444,Darice,PH,PHP
445,Roxanne,PH,PHP
446,Pammi,CN,CNY
447,Norry,FR,EUR
448,Elizabet,ID,IDR
449,Judye,TJ,TJS
450,Emmey,CN,CNY
451,Shanda,ID,IDR
452,Caralie,BR,BRL
453,Merrilee,BO,BOB
454,Hurley,CN,CNY
455,Filberto,FI,EUR
456,Mal,MX,MXN
457,Kikelia,PH,PHP
458,Ashley,RU,RUB
459,Cathrin,KP,KPW
460,Finn,RU,RUB
461,Felizio,RU,RUB
462,Fredek,CN,CNY
463,Kirstyn,CN,CNY
464,Kissie,CN,CNY
465,Tricia,PL,PLN
466,Yehudi,CN,CNY
467,Wylma,ID,IDR
468,Raynor,CN,CNY
469,Barnaby,BR,BRL
470,Gertie,PW,USD
471,Teddenpass.io,RU,RUB
472,Charity,CZ,CZK
473,Moritz,AR,ARS
474,Cristiano,US,USD
475,Nanice,CN,CNY
476,Celene,BR,BRL
477,Jacquelynn,PE,PEN
478,Darcee,CZ,CZK
479,Adda,RU,RUB
480,Jessamine,AZ,AZN
481,Addia,CN,CNY
482,Jillane,MN,MNT
483,Pascale,VE,VEF
484,Gwenette,IS,ISK
485,Pammi,CN,CNY
486,Michaella,CZ,CZK
487,Randolph,CO,COP
488,Chiarra,PH,PHP
489,Orlando,FI,EUR
490,Evelyn,CN,CNY
491,Joyann,PT,EUR
492,Westbrooke,GR,EUR
493,Bendick,BR,BRL
494,Tybie,CA,CAD
495,Valera,CA,CAD
496,Goraud,EG,EGP
497,Vachel,AR,ARS
498,Layenpass.io,NO,NOK
499,Maximilianus,PL,PLN
500,Annora,CN,CNY
501,Reece,CO,COP
502,Shauna,JP,JPY
503,Leicester,MT,EUR
504,Toddie,TJ,TJS
505,Claire,CN,CNY
506,Emera,MX,MXN
507,Trev,CN,CNY
508,Anett,RU,RUB
509,Kipper,CN,CNY
510,Cordelie,PE,PEN
511,Sindeeenpass.io,CN,CNY
512,Ines,CN,CNY
513,Maggy,ID,IDR
514,Shawn,PH,PHP
515,Rhonda,BR,BRL
516,Ambrosi,PL,PLN
517,Rayshell,JP,JPY
518,Zachariah,CN,CNY
519,Kania,VE,VEF
520,Kelby,PH,PHP
521,Konstantine,CA,CAD
522,Curry,ID,IDR
523,Freda,AM,AMD
524,Amelia,CN,CNY
525,Patton,UA,UAH
526,Kayley,PH,PHP
527,Consalve,SE,SEK
528,Sawyere,PT,EUR
529,Claudette,CU,CUP
530,Jeremiah,IR,IRR
531,Bettina,CO,COP
532,Merrick,CN,CNY
533,Calida,ID,IDR
534,Reagen,RU,RUB
535,Faina,ID,IDR
536,Kassandra,BR,BRL
537,Thaddus,ID,IDR
538,Bendite,RU,RUB
539,Thane,PY,PYG
540,Willdon,MM,MMK
541,Cull,FR,EUR
542,Vasily,CF,XAF
543,Grace,UA,UAH
544,Xavier,FR,EUR
545,Krissy,US,USD
546,Hayyim,BR,BRL
547,Kitty,CN,CNY
548,Carmon,CN,CNY
549,Marijo,KR,KRW
550,Allyn,RU,RUB
551,Zenia,PK,PKR
552,Eveleen,ID,IDR
553,Wells,MX,MXN
554,Kale,CN,CNY
555,Roderigo,ID,IDR
556,Doralyn,PH,PHP
557,Demetria,BA,BAM
558,Hillard,SY,SYP
559,Ainsley,US,USD
560,Pearline,CN,CNY
561,Diandra,CN,CNY
562,Gerti,US,USD
563,Penny,PE,PEN
564,Amye,PE,PEN
565,Wes,ID,IDR
566,Dolph,JP,JPY
567,Horatio,PT,EUR
568,Alisha,MX,MXN
569,Farr,ID,IDR
570,Joanie,ID,IDR
571,Lock,CN,CNY
572,Horacio,ET,ETB
573,Fidel,CN,CNY
574,Alard,PH,PHP
575,Drucy,VN,VND
576,Erick,CN,CNY
577,Erminie,CN,CNY
578,Pennie,UA,UAH
579,Hillier,PH,PHP
580,Bear,GT,GTQ
581,Dorise,BY,BYR
582,Nikolaos,TZ,TZS
583,Munmro,ID,IDR
584,Burnard,ID,IDR
585,Karlyn,FO,DKK
586,Wilhelmine,PE,PEN
587,Antonioenpass.io,ZA,ZAR
588,Clerc,US,USD
589,Dorree,FR,EUR
590,Costa,PT,EUR
591,Kimball,PL,PLN
592,Cherise,MA,MAD
593,Fredek,PK,PKR
594,Ethelind,TH,THB
595,Bren,PT,EUR
596,Salaidh,BR,BRL
597,Heida,PL,PLN
598,Jacquenette,IE,EUR
599,Whitney,CI,XOF
600,Tuckie,UA,UAH
601,Antoine,ID,IDR
602,Johna,CN,CNY
603,Kiersten,CZ,CZK
604,Brenn,LV,EUR
605,Art,SE,SEK
606,Marion,CN,CNY
607,Joanie,JP,JPY
608,Jewell,RU,RUB
609,Val,BF,XOF
610,Pyotr,CZ,CZK
611,Washington,ID,IDR
612,Lind,CA,CAD
613,Cassaundra,RU,RUB
614,Lisetta,AR,ARS
615,Corina,CN,CNY
616,Morty,BY,BYR
617,Noel,ZA,ZAR
618,Wallis,TH,THB
619,Reagan,EC,USD
620,Pincas,AM,AMD
621,Cointon,SE,SEK
622,Tiffi,UZ,UZS
623,Pier,UY,UYU
624,Lester,ID,IDR
625,Beckie,GR,EUR
626,Melany,CN,CNY
627,Cindi,CN,CNY
628,Helaine,PL,PLN
629,Marika,CN,CNY
630,Dunn,FR,EUR
631,Albina,CN,CNY
632,Zsazsa,UA,UAH
633,Aimee,PH,PHP
634,Ruthy,CN,CNY
635,Alexandros,CN,CNY
636,Alisun,RU,RUB
637,Mariel,PT,EUR
638,Pammi,ID,IDR
639,Julietta,RU,RUB
640,Dame,PE,PEN
641,Daren,MN,MNT
642,Katine,SE,SEK
643,Bonnee,CN,CNY
644,Layenpass.io,CR,CRC
645,Eldin,BR,BRL
646,Lorri,PH,PHP
647,Etienne,CY,EUR
648,Klement,HR,HRK
649,Burnard,RU,RUB
650,Adan,CN,CNY
651,Margarette,SE,SEK
652,Lynett,PH,PHP
653,Marietta,NO,NOK
654,Jeniece,GT,GTQ
655,Niall,FR,EUR
656,Marylou,YE,YER
657,Lonna,FR,EUR
658,Laureen,ID,IDR
659,Coralyn,AF,AFN
660,Ferrell,BA,BAM
661,Cordelie,CA,CAD
662,Donnie,PL,PLN
663,Juanita,UG,UGX
664,Emlen,CN,CNY
665,Cleveland,RU,RUB
666,Ellette,PK,PKR
667,Angelina,CO,COP
668,Salmon,US,USD
669,Fairleigh,NO,NOK
670,Marlowe,CN,CNY
671,Annamaria,RU,RUB
672,Berny,ID,IDR
673,Trudey,MX,MXN
674,Errol,ID,IDR
675,Janeczka,RU,RUB
676,Martita,PH,PHP
677,Lydie,NL,EUR
678,Jemimah,RU,RUB
679,Tomasina,BR,BRL
680,Halimeda,BR,BRL
681,Valdemar,JP,JPY
682,Gertie,ES,EUR
683,Meade,PT,EUR
684,Sallyann,PE,PEN
685,Antonia,EC,USD
686,Nanine,JO,JOD
687,Karna,LU,EUR
688,Clementine,KP,KPW
689,Myrtie,PE,PEN
690,Lee,MN,MNT
691,Josey,CH,CHF
692,Law,AF,AFN
693,Emilie,EG,EGP
694,Dorotea,UA,UAH
695,Lindsey,JP,JPY
696,Rabi,SB,SBD
697,Bibbye,PE,PEN
698,Ramonda,PH,PHP
699,Normie,RU,RUB
700,Bernardina,PL,PLN
701,Jennicaenpass.io,ID,IDR
702,Betteanne,AR,ARS
703,Brien,NP,NPR
704,Dorene,AT,EUR
705,Minny,BR,BRL
706,Tresa,NG,NGN
707,Nessa,SI,EUR
708,Edmund,CN,CNY
709,Herschel,CN,CNY
710,Helga,PH,PHP
711,Glen,MA,MAD
712,Carlota,MG,MGA
713,Giraldo,TH,THB
714,Kimmi,ID,IDR
715,Felicdad,CN,CNY
716,Royce,CN,CNY
717,Breenaenpass.io,HN,HNL
718,Jerome,GR,EUR
719,Lucien,CN,CNY
720,Joan,ID,IDR
721,Adams,PT,EUR
722,Mechelle,PH,PHP
723,Ania,IR,IRR
724,Lynette,CN,CNY
725,Kippie,BR,BRL
726,Ole,RU,RUB
727,Tamra,CN,CNY
728,Christyna,CN,CNY
729,Frederic,JM,JMD
730,Aile,TH,THB
731,Colman,CN,CNY
732,Rozanne,RU,RUB
733,Caitrin,BW,BWP
734,Erwin,CN,CNY
735,Vikki,MY,MYR
736,Blaire,SE,SEK
737,Gard,RU,RUB
738,Burton,ID,IDR
739,Ring,PS,ILS
740,Jania,PT,EUR
741,Hagen,SE,SEK
742,Bern,ID,IDR
743,Wendell,YE,YER
744,Wyndham,ID,IDR
745,Van,CO,COP
746,Manuel,RU,RUB
747,Dimitry,TH,THB
748,Brennen,ID,IDR
749,Ashbey,CN,CNY
750,Kala,US,USD
751,Dina,GW,XOF
752,Koressa,AL,ALL
753,Yasmin,JP,JPY
754,Levin,CN,CNY
755,Bellanca,UA,UAH
756,Mendie,CN,CNY
757,Chauncey,CN,CNY
758,Brenna,PH,PHP
759,Benny,CN,CNY
760,Justine,UA,UAH
761,Clarette,ID,IDR
762,Jud,VE,VEF
763,Nikita,PH,PHP
764,Lizabeth,GT,GTQ
765,Iona,US,USD
766,Lester,RU,RUB
767,Kaylyn,CN,CNY
768,Simona,MA,MAD
769,Horace,GT,GTQ
770,Jada,AR,ARS
771,Yule,AM,AMD
772,Sula,CA,CAD
773,Kaile,NG,NGN
774,Trevar,ID,IDR
775,Judith,KY,KYD
776,Mireielle,BD,BDT
777,Loydie,ID,IDR
778,Wallas,ID,IDR
779,Kizzieenpass.io,BR,BRL
780,Eveline,PT,EUR
781,Bank,CN,CNY
782,Vitoria,SE,SEK
783,Nadeen,BR,BRL
784,Margarete,PT,EUR
785,Dory,ID,IDR
786,Mal,MG,MGA
787,Martynne,PH,PHP
788,Joell,CN,CNY
789,Bradan,US,USD
790,Ophelia,PL,PLN
791,Simonette,PK,PKR
792,Simeon,TH,THB
793,Tomlin,CN,CNY
794,Reagan,RU,RUB
795,Sharleen,CN,CNY
796,Bernie,US,USD
797,Joan,US,USD
798,Raddie,CO,COP
799,Perrine,ID,IDR
800,Nicky,CN,CNY
801,Jewel,XK,EUR
802,Rosella,PT,EUR
803,Marcella,PT,EUR
804,Micki,ID,IDR
805,Nev,RU,RUB
806,Harald,TH,THB
807,Dale,CN,CNY
808,Bernard,US,USD
809,Fields,ID,IDR
810,Erwin,PE,PEN
811,Wade,CN,CNY
812,Tabina,PL,PLN
813,Felicia,ID,IDR
814,Evy,PH,PHP
815,Krystalle,PH,PHP
816,Godart,US,USD
817,Marge,SE,SEK
818,Babbette,KZ,KZT
819,Roderick,ID,IDR
820,Shane,GT,GTQ
821,Shell,FM,USD
822,Moore,FI,EUR
823,Aila,US,USD
824,Britta,KZ,KZT
825,Devondra,CN,CNY
826,Danni,CN,CNY
827,Colby,US,USD
828,Carey,ID,IDR
829,Reidar,PL,PLN
830,Remus,PL,PLN
831,Adam,HR,HRK
832,Faith,CN,CNY
833,Read,UA,UAH
834,Kissie,ID,IDR
835,Alfred,ID,IDR
836,Kelbee,CO,COP
837,Carr,CZ,CZK
838,Janeta,CN,CNY
839,Margaret,CN,CNY
840,Reuben,SE,SEK
841,Sophi,UA,UAH
842,Sile,UA,UAH
843,Terry,CN,CNY
844,Emlen,CN,CNY
845,Faith,CN,CNY
846,Bren,FR,EUR
847,Riordan,AR,ARS
848,Eddie,SE,SEK
849,Lyda,US,USD
850,Caro,HR,HRK
851,Granger,RU,RUB
852,Mile,SE,SEK
853,Christiane,CZ,CZK
854,Bald,RU,RUB
855,Brigham,CN,CNY
856,Feliks,ID,IDR
857,Adrea,PS,ILS
858,Edithenpass.io,JP,JPY
859,Kellby,HU,HUF
860,Kim,BO,BOB
861,Marilin,BO,BOB
862,Doro,CD,CDF
863,Alexi,EC,USD
864,Lorianna,AR,ARS
865,Tatiania,ID,IDR
866,Mandi,NG,NGN
867,Jervis,XK,EUR
868,Fran,CN,CNY
869,Madalena,RU,RUB
870,Norris,PH,PHP
871,Concettina,RU,RUB
872,Barclay,CN,CNY
873,Mike,PS,ILS
874,Evvie,LU,EUR
875,Gustavo,CZ,CZK
876,Enrico,ID,IDR
877,Amata,RS,RSD
878,Marena,CN,CNY
879,Selene,US,USD
880,Jarrad,PT,EUR
881,Aleece,MY,MYR
882,Rori,US,USD
883,Ad,CN,CNY
884,Smith,FR,EUR
885,Vincent,PT,EUR
886,Brand,AR,ARS
887,Birdie,BY,BYR
888,Brigg,ID,IDR
889,Dore,ID,IDR
890,Beverlee,NG,NGN
891,Issie,US,USD
892,Angel,CN,CNY
893,Dolorita,FR,EUR
894,Willow,PH,PHP
895,Hyacinthie,ID,IDR
896,Rozanne,CZ,CZK
897,Ansel,PH,PHP
898,Myer,PH,PHP
899,Enrica,PE,PEN
900,Edithenpass.io,TH,THB
901,Kellia,PH,PHP
902,Veronika,UZ,UZS
903,Durward,CN,CNY
904,Michele,VE,VEF
905,Francene,MN,MNT
906,Letta,RU,RUB
907,Parsifal,RU,RUB
908,Kathryn,GB,GBP
909,Kimbra,CN,CNY
910,Kellen,ID,IDR
911,Debra,BB,BBD
912,Ernest,IT,EUR
913,Sigfrid,NE,XOF
914,Keeneenpass.io,ID,IDR
915,Dina,BR,BRL
916,Harmonia,ID,IDR
917,Lucky,PH,PHP
918,Anne,ID,IDR
919,Curtis,NC,XPF
920,Dag,BD,BDT
921,Rochella,CN,CNY
922,Neilla,SS,SSP
923,Kym,CN,CNY
924,Patty,MA,MAD
925,Kelcy,EE,EUR
926,Gilligan,GA,XAF
927,Berne,CZ,CZK
928,Loella,RU,RUB
929,Frieda,IR,IRR
930,Alberto,CR,CRC
931,Fowler,CN,CNY
932,Lusa,ID,IDR
933,Allin,CN,CNY
934,Julie,VN,VND
935,Nevins,CN,CNY
936,Lovell,RU,RUB
937,Titos,RU,RUB
938,Barth,KN,XCD
939,Dolf,PL,PLN
940,Micah,CN,CNY
941,Jillie,RU,RUB
942,Minnaenpass.io,CZ,CZK
943,Stearn,AU,AUD
944,Forester,GR,EUR
945,Laurette,CN,CNY
946,Willow,AO,AOA
947,Robers,MD,MDL
948,Ingra,NL,EUR
949,Leese,CN,CNY
950,Yetta,CN,CNY
951,Kati,CN,CNY
952,Luisa,CL,CLP
953,Betta,EG,EGP
954,Dag,CA,CAD
955,Corney,ID,IDR
956,Ardenia,HR,HRK
957,Petronille,CN,CNY
958,Jared,AR,ARS
959,Mira,PH,PHP
960,Trula,CN,CNY
961,Adrien,PL,PLN
962,Katrina,PE,PEN
963,Kath,PT,EUR
964,Biddy,CN,CNY
965,Constantia,CN,CNY
966,Mei,US,USD
967,Carole,CN,CNY
968,Selie,ID,IDR
969,Murdock,ID,IDR
970,Koo,CN,CNY
971,Angus,PH,PHP
972,Korey,PE,PEN
973,Morgun,PE,PEN
974,Thorpe,CO,COP
975,Marthena,MX,MXN
976,Chuck,FR,EUR
977,Sara-annenpass.io,PT,EUR
978,Eb,BG,BGN
979,Valenka,CN,CNY
980,Donovan,TN,TND
981,Mireille,KR,KRW
982,Sephira,FR,EUR
983,Fanchette,TH,THB
984,Devonne,PH,PHP
985,Weber,BT,BTN
986,Adeyenpass.io,PS,ILS
987,Barth,IT,EUR
988,Derrek,CN,CNY
989,Rosemarie,CN,CNY
990,Arnaldo,UY,UYU
991,Edithenpass.io,MD,MDL
992,Danie,RU,RUB
993,Tina,ID,IDR
994,Carmencita,CN,CNY
995,Timmy,CN,CNY
996,Chelsie,PT,EUR
997,Luca,BR,BRL
998,Rhonda,VN,VND
999,Kalvin,KP,KPW
1000,Julia,PE,PEN
